pdb_id,chain_id,structure_title,dep_date,ligand_id,ligand_name,ligand_smiles,source,expression_host,sequence,primary_citation_author,journal_name,title,pub_year,pdb_3code
1EBL,A,THE 1.8 A CRYSTAL STRUCTURE AND ACTIVE SITE ARCHITECTURE OF BETA-KETOACYL-[ACYL CARRIER PROTEIN] SYNTHASE III (FABH) FROM ESCHERICHIA COLI,1/24/00,COA,COENZYME A,CC(C)(CO[P@](=O)(O)O[P@@](=O)(O)OC[C@@H]1[C@H]([C@H]([C@@H](O1)n2cnc3c2ncnc3N)O)OP(=O)(O)O)[C@H](C(=O)NCCC(=O)NCCS)O,Escherichia coli,Escherichia coli,MYTKIIGTGSYLPEQVRTNADLEKMVDTSDEWIVTRTGIRERHIAAPNETVSTMGFEAATRAIEMAGIEKDQIGLIVVATTSATHAFPSAACQIQSMLGIKGCPAFDVAAACAGFTYALSVADQYVKSGAVKYALVVGSDVLARTCDPTDRGTIIIFGDGAGAAVLAASEEPGIISTHLHADGSYGELLTLPNADRVNPENSIHLTMAGNEVFKVAVTELAHIVDETLAANNNDRSQLDWLVPHQANLRIISATAKKLGMSMDNVVVTLDRHGNTSAASVPCALDEAVRDGRIKPGQLVLLEAFGGGFTWGSALVRF,"Davies, C., Heath, R.J., White, S.W., Rock, C.O.",Structure Fold.Des.,The 1.8 A crystal structure and active-site architecture of beta-ketoacyl-acyl carrier protein synthase III (FabH) from escherichia coli.,2000,1EB
1HN9,A,CRYSTAL STRUCTURE OF BETA-KETOACYL-ACP SYNTHASE III,12/7/00,PO4,PHOSPHATE ION,[O-]P(=O)([O-])[O-],Escherichia coli,Escherichia coli,MYTKIIGTGSYLPEQVRTNADLEKMVDTSDEWIVTRTGIRERHIAAPNETVSTMGFEAATRAIEMAGIEKDQIGLIVVATTSATHAFPSAACQIQSMLGIKGCPAFDVAAACAGFTYALSVADQYVKSGAVKYALVVGSDVLARTCDPTDRGTIIIFGDGAGAAVLAASEEPGIISTHLHADGSYGELLTLPNADRVNPENSIHLTMAGNEVFKVAVTELAHIVDETLAANNLDRSQLDWLVPHQANLRIISATAKKLGMSMDNVVVTLDRHGNTSAASVPCALDEAVRDGRIKPGQLVLLEAFGGGFTWGSALVRF,"Qiu, X., Janson, C.A., Konstantinidis, A.K., Nwagwu, S., Silverman, C., Smith, W.W., Khandekar, S., Lonsdale, J., Abdel-Meguid, S.S.",J.Biol.Chem.,Crystal structure of beta-ketoacyl-acyl carrier protein synthase III. A key condensing enzyme in bacterial fatty acid biosynthesis.,1999,1HN
1HZP,A,Crystal Structure of the Myobacterium Tuberculosis Beta-Ketoacyl-Acyl Carrier Protein Synthase III,1/25/01,DAO,LAURIC ACID,CCCCCCCCCCCC(=O)O,Mycobacterium tuberculosis,Escherichia coli,MTEIATTSGARSVGLLSVGAYRPERVVTNDEICQHIDSSDEWIYTRTGIKTRRFAADDESAASMATEACRRALSNAGLSAADIDGVIVTTNTHFLQTPPAAPMVAASLGAKGILGFDLSAGCAGFGYALGAAADMIRGGGAATMLVVGTEKLSPTIDMYDRGNCFIFADGAAAVVVGETPFQGIGPTVAGSDGEQADAIRQDIDWITFAQNPSGPRPFVRLEGPAVFRWAAFKMGDVGRRAMDAAGVRPDQIDVFVPHQANSRINELLVKNLQLRPDAVVANDIEHTGNTSAASIPLAMAELLTTGAAKPGDLALLIGYGAGLSYAAQVVRMPKG,"Scarsdale, J.N., Kazanina, G., He, X., Reynolds, K.A., Wright, H.T.",J.Biol.Chem.,Crystal structure of the Mycobacterium tuberculosis beta-ketoacyl-acyl carrier protein synthase III,2001,1HZ
1M1M,A,X-RAY CRYSTAL STRUCTURE OF MYCOBACTERIUM TUBERCULOSIS BETA-KETOACYL-ACYL CARRIER PROTEIN SYNTHASE III (MTFABH),6/19/02,NA,NA,NA,Mycobacterium tuberculosis,Escherichia coli,MGSSHHHHHHSSGLVPRGSHMTEIATTSGARSVGLLSVGAYRPERVVTNDEICQHIDSSDEWIYTRTGIKTRRFAADDESAASMATEACRRALSNAGLSAADIDGVIVTTNTHFLQTPPAAPMVAASLGAKGILGFDLSAGCAGFGYALGAAADMIRGGGAATMLVVGTEKLSPTIDMYDRGNCFIFADGAAAVVVGETPFQGIGPTVAGSDGEQADAIRQDIDWITFAQNPSGPRPFVRLEGPAVFRWAAFKMGDVGRRAMDAAGVRPDQIDVFVPHQANSRINELLVKNLQLRPDAVVANDIEHTGNTSAASIPLAMAELLTTGAAKPGDLALLIGYGAGLSYAAQVVRMPKG,"Brown, A.K., Sridharan, S., Kremer, L., Lindenberg, S., Dover, L.G., Sacchettini, J.C., Besra, G.S.",J.Biol.Chem.,Probing the mechanism of the Mycobacterium tuberculosis beta-ketoacyl-acyl carrier protein synthase III mtFabH: factors influencing catalysis and substrate specificity.,2005,1M1
1MZJ,A,Crystal Structure of the Priming beta-Ketosynthase from the R1128 Polyketide Biosynthetic Pathway,10/8/02,ACE,ACETYL GROUP,CC=O,Streptomyces sp. R1128,Escherichia coli BL21(DE3),MPGLRVPERRFSRVLGVGSYRPRREVSNKEVCTWIDSTEEWIETRTGIRSRRIAEPDETIQVMGVAASRRALEHAGVDPAEIDLVVVSTMTNFVHTPPLSVAIAHELGADNAGGFDLSAACAGFCHALSIAADAVESGGSRHVLVVATERMTDVIDLADRSLSFLFGDGAGAAVVGPSDVPGIGPVVRGIDGTGLGSLHMSSSWDQYVEDPSVGRPALVMDGKRVFRWAVADVVPAAREALEVAGLTVGDLVAFVPHQANLRIIDVLVDRLGVPEHVVVSRDAEDTGNTSSASVALALDRLVRSGAVPGGGPALMIGFGAGLSYAGQALLLPDPPSTPA,"Pan, H., Tsai, S., Meadows, E.S., Miercke, L.J., Keatinge-Clay, A.T., O'Connell, J., Khosla, C., Stroud, R.M.",Structure,Crystal structure of the priming beta-ketosynthase from the   R1128 polyketide biosynthetic pathway,NA,1MZ
1U6E,A,1.85 Angstrom Crystal Structure of the C112A Mutant of Mycobacterium Tuberculosis Beta-Ketoacyl-Acyl Carrier Protein Synthase III (FabH),7/29/04,CL,CHLORIDE ION,[Cl-],Mycobacterium tuberculosis,Escherichia coli BL21(DE3),MTEIATTSGARSVGLLSVGAYRPERVVTNDEICQHIDSSDEWIYTRTGIKTRRFAADDESAASMATEACRRALSNAGLSAADIDGVIVTTNTHFLQTPPAAPMVAASLGAKGILGFDLSAGAAGFGYALGAAADMIRGGGAATMLVVGTEKLSPTIDMYDRGNCFIFADGAAAVVVGETPFQGIGPTVAGSDGEQADAIRQDIDWITFAQNPSGPRPFVRLEGPAVFRWAAFKMGDVGRRAMDAAGVRPDQIDVFVPHQANSRINELLVKNLQLRPDAVVANDIEHTGNTSAASIPLAMAELLTTGAAKPGDLALLIGYGAGLSYAAQVVRMPKG,"Musayev, F., Sachdeva, S., Scarsdale, J.N., Reynolds, K.A., Wright, H.T.",J.Mol.Biol.,Crystal structure of a substrate complex of Mycobacterium tuberculosis beta-ketoacyl-acyl carrier protein synthase III (FabH) with lauroyl-coenzyme A.,2005,1U6
1UB7,A,The Crystal Analysis of Beta-Keroacyl-[Acyl Carrier Protein] Synthase III (FABH)From Thermus Thermophilus.,3/31/03,CSO,S-HYDROXYCYSTEINE,C([C@@H](C(=O)O)N)SO,Thermus thermophilus,Escherichia coli BL21(DE3),MSGILALGAYVPERVMTNADFEAYLDTSDEWIVTRTGIKERRVAAEDEYTSDLAFKAVEDLLRRHPGALEGVDAVIVATNTPDALFPDTAALVQARFGLKAFAYDLLAGCPGWIYALAQAHALVEAGLAQKVLAVGAEALSKIIDWNDRATAVLFGDGGGAAVVGKVREGYGFRSFVLGADGTGAKELYHACVAPRLPDGTSMKNRLYMNGREVFKFAVRVMNTATLEAIEKAGLTPEDIRLFVPHQANLRIIDAARERLGLPWERVAVNVDRYGNTSTASIPLALKEAVDAGRIREGDHVLLVSFGAGLTWAAAVLTWGGA,"Inagaki, E., Kuramitsu, S., Yokoyama, S., Miyano, M., Tahirov, T.H.",To be Published,The Crystal Structure of Beta-Ketoacyl-[Acyl Carrier Protein] Synthase III (Fabh) from Thermus Thermophilus,NA,1UB
1ZOW,A,"Crystal Structure of S. aureus FabH, beta-ketoacyl carrier protein synthase III",5/15/05,NA,NA,NA,Staphylococcus aureus,Escherichia coli,MNVGIKGFGAYAPEKIIDNAYFEQFLDTSDEWISKMTGIKERHWADDDQDTSDLAYEASVKAIADAGIQPEDIDMIIVATATGDMPFPTVANMLQERLGTGKVASMDQLAACSGFMYSMITAKQYVQSGDYHNILVVGADKLSKITDLTDRSTAVLFGDGAGAVIIGEVSEGRGIISYEMGSDGTGGKHLYLDKDTGKLKMNGREVFKFAVRIMGDASTRVVEKANLTSDDIDLFIPHQANIRIMESARERLGISKDKMSVSVNKYGNTSAASIPLSIDQELKNGKLKDDDTIVLVGFGGGLTWGAMTIKWGK,"Qiu, X., Choudhry, A.E., Janson, C.A., Grooms, M., Daines, R.A., Lonsdale, J.T., Khandekar, S.S.",Protein Sci.,Crystal structure and substrate specificity of the beta-ketoacyl-acyl carrier protein synthase III (FabH) from Staphylococcus aureus.,2005,1ZO
2AHB,A,"X-ray crystal structure of R46A,R161A mutant of Mycobacterium tuberculosis FabH",7/27/05,NA,NA,NA,Mycobacterium tuberculosis,Escherichia coli,MGSSHHHHHHSSGLVPRGSVCMTEIATTSGARSVGLLSVGAYRPERVVTNDEICQHIDSSDEWIYTATGIKTRRFAADDESAASMATEACRRALSNAGLSAADIDGVIVTTNTHFLQTPPAAPMVAASLGAKGILGFDLSAGCAGFGYALGAAADMIRGGGAATMLVVGTEKLSPTIDMYDAGNCFIFADGAAAVVVGETPFQGIGPTVAGSDGEQADAIRQDIDWITFAQNPSGPRPFVRLEGPAVFRWAAFKMGDVGRRAMDAAGVRPDQIDVFVPHQANSRINELLVKNLQLRPDAVVANDIEHTGNTSAASIPLAMAELLTTGAAKPGDLALLIGYGAGLSYAAQVVRMPKG,"Brown, A.K., Sridharan, S., Kremer, L., Lindenberg, S., Dover, L.G., Sacchettini, J.C., Besra, G.S.",J.Biol.Chem.,Probing the Mechanism of the Mycobacterium tuberculosis {beta}-Ketoacyl-Acyl Carrier Protein Synthase III mtFabH: FACTORS INFLUENCING CATALYSIS AND SUBSTRATE SPECIFICITY,2005,2AH
2AJ9,A,"X-ray crystal structure of W42A,R161A double mutant of Mycobacterium tuberculosis beta-ketoacyl-ACP synthase III",8/1/05,NA,NA,NA,Mycobacterium tuberculosis,Escherichia coli,MGSSHHHHHHSSGLVPRGSVCMTEIATTSGARSVGLLSVGAYRPERVVTNDEICQHIDSSDEAIYTRTGIKTRRFAADDESAASMATEACRRALSNAGLSAADIDGVIVTTNTHFLQTPPAAPMVAASLGAKGILGFDLSAGCAGFGYALGAAADMIRGGGAATMLVVGTEKLSPTIDMYDAGNCFIFADGAAAVVVGETPFQGIGPTVAGSDGEQADAIRQDIDWITFAQNPSGPRPFVRLEGPAVFRWAAFKMGDVGRRAMDAAGVRPDQIDVFVPHQANSRINELLVKNLQLRPDAVVANDIEHTGNTSAASIPLAMAELLTTGAAKPGDLALLIGYGAGLSYAAQVVRMPKG,"Brown, A.K., Sridharan, S., Kremer, L., Lindenberg, S., Dover, L.G., Sacchettini, J.C., Besra, G.S.",J.Biol.Chem.,Probing the Mechanism of the Mycobacterium tuberculosis beta-Ketoacyl-Acyl Carrier Protein Synthase III mtFabH: Factors Influencing Catalysis And Substrate Specificity.,2005,2AJ
2EBD,A,Crystal structure of 3-oxoacyl-[acyl-carrier-protein] synthase III from Aquifex aeolicus VF5,2/8/07,NA,NA,NA,Aquifex aeolicus,Escherichia coli,MGTKIIGTGVYLPKNVLTNFDLEKIVDTSDEWITTRTGIKERRIAKEETITYMATQAAKEALREANLSPEELDLIILATLTPQKRFPSTACLVQAQLKAKGVYAFDISAACSGFIYALDIADSFIKSGKAKNVLVIGAEKLSEAVDWEDRSTCVLFGDGAGAVVVTRSEDKSDILATRMYAEGSLEELLHADNCGYIRMKGRELFKVAVRSMEEVCREVLEKAGVKPEEVSLVIPHQANVRIINALAEKLNIPKEKVFVNIQKYGNTSAASIPIALHEAIKEGKVKRGDLILMTAMGGGLTWGAVLLRY,"Kumarevel, T.S., Kuramitsu, S., Yokoyama, S.",To be Published,Crystal structure of 3-oxoacyl-[acyl-carrier-protein] synthase III from Aquifex aeolicus VF5,NA,2EB
2QNY,A,Crystal structure of the complex between the A246F mutant of mycobacterium beta-ketoacyl-acyl carrier protein synthase III (FABH) and SS-(2-hydroxyethyl) O-decyl ester carbono(dithioperoxoic) acid,7/19/07,BME,BETA-MERCAPTOETHANOL,C(CS)O,Mycobacterium tuberculosis,Escherichia coli,MTEIATTSGARSVGLLSVGAYRPERVVTNDEICQHIDSSDEWIYTRTGIKTRRFAADDESAASMATEACRRALSNAGLSAADIDGVIVTTNTHFLQTPPAAPMVAASLGAKGILGFDLSAGCAGFGYALGAAADMIRGGGAATMLVVGTEKLSPTIDMYDRGNCFIFADGAAAVVVGETPFQGIGPTVAGSDGEQADAIRQDIDWITFAQNPSGPRPFVRLEGPAVFRWAAFKMGDVGRRAMDAAGVRPDQIDVFVPHQFNSRINELLVKNLQLRPDAVVANDIEHTGNTSAASIPLAMAELLTTGAAKPGDLALLIGYGAGLSYAAQVVRMPKG,"Sachdeva, S., Musayev, F.N., Alhamadsheh, M.M., Scarsdale, J.N., Wright, H.T., Reynolds, K.A.",Chem.Biol.,Separate Entrance and Exit Portals for Ligand Traffic in Mycobacterium tuberculosis FabH,2008,2QN
2X3E,A,"Crystal structure of 3-oxoacyl-(acyl carrier protein) synthase III, FabH from Pseudomonas aeruginosa PAO1",1/24/10,NA,NA,NA,Pseudomonas aeruginosa,ESCHERICHIA COLI BL21(DE3),GMPRAAVVCGLGSYLPEAVLSNDMLAAELDTSDAWISSRTGVRQRHIAGDLGSGDLALRAASAALASAGLERVDAVVLATSTGDFCCPATAPRVAARLGLVGALAFDLSAAATGFVYGLASVGSLISAGLADSALLVGVDTFSHTLDPADRSTRALFGDGAGAVVLRAGDAEEEGALLAFDLGSDGHQFDLLMTPAVSRAERSSGQASNYFRMDGKAVFGQAVTQMSDSVRRVLDRVGWQASDLHHLVPHQANTRILAAVADQLDLPVERVVSNIAEVGNTVAASIPLALAHGLRQGILRDGGNMVLTGFGAGLTWGSVALRWPKIVPTMD,"Oke, M., Carter, L.G., Johnson, K.A., Liu, H., Mcmahon, S.A., Yan, X., Kerou, M., Weikart, N.D., Kadi, N., Sheikh, M.A., Schmelz, S., Dorward, M., Zawadzki, M., Cozens, C., Falconer, H., Powers, H., Overton, I.M., Van Niekerk, C.A.J., Peng, X., Patel, P., Garrett, R.A., Prangishvili, D., Botting, C.H., Coote, P.J., Dryden, D.T.F., Barton, G.J., Schwarz-Linek, U., Challis, G.L., Taylor, G.L., White, M.F., Naismith, J.H.",J.Struct.Funct.Genomics,"The Scottish Structural Proteomics Facility: Targets, Methods and Outputs.",2010,2X3
3FK5,A,"Crystal structure of 3-oxoacyl-(acyl carrier protein) synthase III, FabH (Xoo4209) from Xanthomonas oryzae pv. oryzae KACC10331",12/16/08,NA,NA,NA,Xanthomonas oryzae,Escherichia coli,MLFQNVSIAGLAHVDAPHTLTSKEINGRLQPTYDRLGIKTDVLGDVAGIHARRLWDQDVQASDAATQAARKALIDAGIGIEKIGLLVNTSVSRDYLEPSTASIVSGNLGVGDHCVTFDVANACLAFINGMDIAARMLERGEIDYALVVDGETANLVYEKTLERMTSPDVTEEEFRNELAALTLGCGAAAMVMARTELVPDAPRYKGGVTRSATEWNKLCRGNLDRMVTDTRLLLIEGIKLAQKTFLAARQVLGWAVDELDQFVIHQVSRPHTAAFVKSFGIDPAKVMTIFGEHGNIGPASVPIVLSKLKELGRLKKGDRIALLGIGSGLNCSMAEVVW,"Natarajan, S., Huynh, K.-H., Kang, L.W.",To be Published,"Crystal structure of 3-oxoacyl-(acyl carrier protein) synthase III, FabH (Xoo4209) from Xanthomonas oryzae pv. oryzae KACC10331",NA,3FK
3GWA,A,1.6 Angstrom crystal structure of 3-oxoacyl-(acyl-carrier-protein) synthase III,3/31/09,NA,NA,NA,Burkholderia pseudomallei,Escherichia coli,MAHHHHHHMGTLEAQTQGPGSMTPAAHPPRAAIADIAGHLPEQVLTNDVLAQLYPDWPAEKILAKTGIRERRIAAPRETAADLAYEAARKLFAQGAVGADQVDFVILCTQAPDYVLPTSACMLQHRLGIPTHAGALDVNLGCSGYVYGLSLAKGLVETGAARCVLLLTADTYSKYLHPLDKSVRTLFGDGASATAVIAEHGELERIGPFVFGTDGRGAPNLIVKAGLFREPKSADSAREHEDASGNVRTDEHLYMNGAEVMAFSLAEVPRAADRLLALAGEPRENIDCFVLHQANRFMLDALRKKMKIPEHKFPVLMEHCGNTVSSTLPLALETMRANGTLARGMRLMLLGFGVGYSWAGCLVNF,"Baugh, L., Gallagher, L.A., Patrapuvich, R., Clifton, M.C., Gardberg, A.S., Edwards, T.E., Armour, B., Begley, D.W., Dieterich, S.H., Dranow, D.M., Abendroth, J., Fairman, J.W., Fox, D., Staker, B.L., Phan, I., Gillespie, A., Choi, R., Nakazawa-Hewitt, S., Nguyen, M.T., Napuli, A., Barrett, L., Buchko, G.W., Stacy, R., Myler, P.J., Stewart, L.J., Manoil, C., Van Voorhis, W.C.",Plos One,Combining functional and structural genomics to sample the essential Burkholderia structome.,2013,3GW
3H76,A,"Crystal structure of PqsD, a key enzyme in Pseudomonas aeruginosa quinolone signal biosynthesis pathway",4/24/09,NA,NA,NA,Pseudomonas aeruginosa,Escherichia coli,GSHMASMTGGQQMGRGSENLYFQGNPILAGLGFSLPKRQVSNHDLVGRINTSDEFIVERTGVRTRYHVEPEQAVSALMVPAARQAIEAAGLLPEDIDLLLVNTLSPDHHDPSQACLIQPLLGLRHIPVLDIRAQCSGLLYGLQMARGQILAGLARHVLVVCGEVLSKRMDCSDRGRNLSILLGDGAGAVVVSAGESLEDGLLDLRLGADGNYFDLLMTAAPGSASPTFLDENVLREGGGEFLMRGRPMFEHASQTLVRIAGEMLAAHELTLDDIDHVICHQPNLRILDAVQEQLGIPQHKFAVTVDRLGNMASASTPVTLAMFWPDIQPGQRVLVLTYGSGATWGAALYRKPEEVNRPC,"Bera, A.K., Atanasova, V., Robinson, H., Eisenstein, E., Coleman, J.P., Pesci, E.C., Parsons, J.F.",Biochemistry,"Structure of PqsD, a Pseudomonas quinolone signal biosynthetic enzyme, in complex with anthranilate.",2009,3H7
3IL3,A,Structure of Haemophilus influenzae FabH,8/6/09,SCY,S-ACETYL-CYSTEINE,CC(=O)SC[C@@H](C(=O)O)N,Haemophilus influenzae,Escherichia coli,MHHHHHHMNSRILSTGSYLPSHIRTNADLEKMVDTSDEWIVTRSGIRERRIAAEDETVATMGFEAAKNAIEAAQINPQDIELIIVATTSHSHAYPSAACQVQGLLNIDDAISFDLAAACTGFVYALSVADQFIRAGKVKKALVIGSDLNSRKLDETDRSTVVLFGDGAGAVILEASEQEGIISTHLHASADKNNALVLAQPERGIEKSGYIEMQGNETFKLAVRELSNVVEETLLANNLDKKDLDWLVPHQANLRIITATAKKLEMDMSQVVVTLDKYANNSAATVPVALDEAIRDGRIQRGQLLLLEAFGGGWTWGSALVRF,"Gajiwala, K.S., Margosiak, S., Lu, J., Cortez, J., Su, Y., Nie, Z., Appelt, K.",Febs Lett.,Crystal structures of bacterial FabH suggest a molecular basis for the substrate specificity of the enzyme.,2009,3IL
3LED,A,Crystal structure of 3-oxoacyl-(acyl carrier protein) synthase III from Rhodopseudomonas palustris CGA009,1/14/10,MSE,SELENOMETHIONINE,C[Se]CC[C@@H](C(=O)O)N,Rhodopseudomonas palustris,Escherichia coli,MGSSHHHHHHSSGRENLYFQGVRPAVIAATGLYTPPDSVSNAELVEAFNTYVANFNAANKARIEAGEIEPLQPSSSEFIEKASGIKSRYVVAKPGIVDPDVMRPIIPERSNDELSILAEMAVTAAEQAIERWGKPRERIGAVLCACSNMQRAYPAMAIEVQNALGLGGFAFDMNVACSSATFGLKTAADFVGGGSVDAVLMVNPEICSGHLNFRDRDSHFIFGDVATAAIVERADDAQGGWSILGTKLKTQFSNNIRNNAGFLNRAWPEGRDKADKLFVQQGRKVFKEVVPLVSEMIIEHAREIGIDPHGLKRMWLHQANINMNEIIGRKVLGRDPTRDENVIILDDYANTSSAGSIIAFHKHQDDMAQGDLGLICSFGAGYSAGTVFVQKR,"Chang, C., Xu, X., Cui, H., Chin, S., Savchenko, A., Edwards, A., Joachimiak, A.",To be Published,Crystal structure of 3-oxoacyl-(acyl carrier protein) synthase III from Rhodopseudomonas palustris CGA009,NA,3LE
3S3L,A,Crystal Structure of CerJ from Streptomyces tendae,5/18/11,ACT,ACETATE ION,CC(=O)[O-],Streptomyces tendae,Escherichia coli,MRWENLFVSGVAAWLPPLSTAQDAVMAGLLDPARSKLRGIESVTVASDAEEDAPPRMAARAARAALGRGDVDPADVSLVLHSSLWFQGIDLWPAASYVAHEAVGRHVPAFGLAQRCNGGMGAIELAGAYLGSGIGAGHAALLTTGDRFAGPRIDRWNSVDVTMYGDGAAALVLSTRDGFARVLSTATGVDNSLEILARGDEPFAPHPVEPSPVADLGTRTVRGAELADLPDLTHRYIDLLVAAKTQALEDAGTAIEDIAHAVIPVSRRGTGHELHDLLGLPDERTSWAYGRTTGHVGAGDQYAGLAHLVENALVQPGDRVLLFGGGAGYTCTAAVVEILRMPAQCMRGSRSHHHHHH,"Bretschneider, T., Zocher, G., Unger, M., Scherlach, K., Stehle, T., Hertweck, C.",Nat.Chem.Biol.,A ketosynthase homolog uses malonyl units to form esters in cervimycin biosynthesis.,2011,3S3
4DFE,A,Crystal structure of 3-oxoacyl-[acyl-carrier-protein] synthase III from Burkholderia xenovorans,1/23/12,CSO,S-HYDROXYCYSTEINE,C([C@@H](C(=O)O)N)SO,Paraburkholderia xenovorans,Escherichia coli,GPGSMAQSTIYSRVLGTGSYLPPNRVTNQDLAKRLAEQGIETSDEWIVARTGIHARYFAEPDVTTSDLAFIASQRAIEAADIDPQSIDLIIVATSTPDFVFPSTACLLQNKLGIRNHGAAFDVQAVCSGFAYAVATADSFIRSGQHRTALVIGAETFSRILDFKDRTTCVLFGDGAGAVILQASDEPGVLASALHADGSHSNILCTPGNVNGGVVSGSAFLHMDGQAVFKLAVNVLEKVAVEALEKANLSAEQIDWLIPHQANIRIMQSTCRKLGLPQERMIVTVGEHGNTSAASIPLALDVAVRDGRIKRGQNVLIEGVGGGFTWGASVIRY,"Baugh, L., Gallagher, L.A., Patrapuvich, R., Clifton, M.C., Gardberg, A.S., Edwards, T.E., Armour, B., Begley, D.W., Dieterich, S.H., Dranow, D.M., Abendroth, J., Fairman, J.W., Fox, D., Staker, B.L., Phan, I., Gillespie, A., Choi, R., Nakazawa-Hewitt, S., Nguyen, M.T., Napuli, A., Barrett, L., Buchko, G.W., Stacy, R., Myler, P.J., Stewart, L.J., Manoil, C., Van Voorhis, W.C.",Plos One,Combining functional and structural genomics to sample the essential Burkholderia structome.,2013,4DF
4EFI,A,Crystal Structure of 3-oxoacyl-(Acyl-carrier protein) Synthase from Burkholderia Xenovorans LB400,3/29/12,CL,CHLORIDE ION,[Cl-],Paraburkholderia xenovorans,Escherichia coli,MSSPDFSAGRELRTQGARIAGVVSCVPSKQVDNDYFVERFDASAVRDVVKMIGVNRRRWADAQTSAGDLCRKAGEKLLAGLGWQADSIDALIFVSQTPNYRLPATAFVLQAELDLPASCLALDINLGCSGYPQALWLGMNLIQTGAAKRVLLAVGDTISKMIDPTDRSTSLLFGDAGTMTALETSNGDAAAHFIIGADGKGARNLIVPSGGFKPYDAAADERMAGKSPECLFMDGGEIFNFTLNAVPKLVSRTLDIAGRDKDSYDAFLFHQANLFMLKHLAKKAGLPAERVPVNIGEYGNTSCASIPLLITTELKDRLKEETLQLGMFGFGVGYSWASAALAVGPLNIVDTIET,"Baugh, L., Gallagher, L.A., Patrapuvich, R., Clifton, M.C., Gardberg, A.S., Edwards, T.E., Armour, B., Begley, D.W., Dieterich, S.H., Dranow, D.M., Abendroth, J., Fairman, J.W., Fox, D., Staker, B.L., Phan, I., Gillespie, A., Choi, R., Nakazawa-Hewitt, S., Nguyen, M.T., Napuli, A., Barrett, L., Buchko, G.W., Stacy, R., Myler, P.J., Stewart, L.J., Manoil, C., Van Voorhis, W.C.",Plos One,Combining functional and structural genomics to sample the essential Burkholderia structome.,2013,4EF
4EWP,A,Crystal structure of FabH from Micrococcus luteus,4/27/12,NA,NA,NA,Micrococcus luteus,Escherichia coli,MTVTLKQHERPAASRIVAVGAYRPANLVPNEDLIGPIDSSDEWIRQRTGIVTRQRATAEETVPVMAVGAAREALERAGLQGSDLDAVIVSTVTFPHATPSAAALVAHEIGATPAPAYDVSAACAGYCYGVAQADALVRSGTARHVLVVGVERLSDVVDPTDRSISFLLGDGAGAVIVAASDEPGISPSVWGSDGERWSTISMTHSQLELRDAVEHARTTGDASAITGAEGMLWPTLRQDGPSVFRWAVWSMAKVAREALDAAGVEPEDLAAFIPHQANMRIIDEFAKQLKLPESVVVARDIADAGNTSAASIPLAMHRLLEENPELSGGLALQIGFGAGLVYGAQVVRLP,"Pereira, J.H., Goh, E.B., Keasling, J.D., Beller, H.R., Adams, P.D.","Acta Crystallogr.,Sect.D",Structure of FabH and factors affecting the distribution of branched fatty acids in Micrococcus luteus.,2012,4EW
4KU5,A,Crystal Structures of C143S Xanthomonas campestris OleA with Bound Lauric Acid and Lauroyl-CoA,5/21/13,PEG,DI(HYDROXYETHYL)ETHER,C(COCCO)O,Xanthomonas campestris,Escherichia coli,MGSSHHHHHHSSGLVPRGSHMLFQNVSIAGLAHIDAPHTLTSKEINERLQPTYDRLGIKTDVLGDVAGIHARRLWDQDVQASDAATQAARKALIDANIGIEKIGLLINTSVSRDYLEPSTASIVSGNLGVSDHCMTFDVANASLAFINGMDIAARMLERGEIDYALVVDGETANLVYEKTLERMTSPDVTEEEFRNELAALTLGCGAAAMVMARSELVPDAPRYKGGVTRSATEWNKLCRGNLDRMVTDTRLLLIEGIKLAQKTFVAAKQVLGWAVEELDQFVIHQVSRPHTAAFVKSFGIDPAKVMTIFGEHGNIGPASVPIVLSKLKELGRLKKGDRIALLGIGSGLNCSMAEVVW,"Goblirsch, B.R., Jensen, M.R., Mohamed, F.A., Wackett, L.P., Wilmot, C.M.",J.Biol.Chem.,Substrate Trapping in Crystals of the Thiolase OleA Identifies Three Channels That Enable Long Chain Olefin Biosynthesis.,2016,4KU
4NHD,A,Crystal structure of beta-ketoacyl-ACP synthase III (FabH) from Vibrio Cholerae in complex with Coenzyme A,11/4/13,CA,CALCIUM ION,[Ca+2],Vibrio cholerae,Escherichia coli,SNAMYSKILGTGSYLPSQVRTNADLEKMVETSDEWIVARTGIRERRIAADNETVADMAFFAAQNAINMAGIDKHDIDMIIVATTSASHTFPSAACQVQGKLGIKGCPAFDLAAACSGFMYALSIADQHVKSGMCKHVLVIGADALSKTCDPTDRSTIILFGDGAGAVVVGASNEPGILSTHIHADGEFGDLLSLEVPVRGGDSDKWLHMAGNEVFKVAVTQLSKLVVDTLKANNMHKSELDWLVPHQANYRIISATAKKLSMSLDQVVITLDRHGNTSAATVPTALDEAVRDGRIQRGQMLLLEAFGGGFTWGSALVKF,"Hou, J., Zheng, H., Langner, K., Anderson, W.F., Minor, W., Center for Structural Genomics of Infectious Diseases (CSGID)",To be Published,Crystal structure of beta-ketoacyl-ACP synthase III (FabH) from Vibrio Cholerae in complex with Coenzyme A,NA,4NH
4RYB,A,Crystal structure of beta-ketoacyl-ACP synthase III (FabH) from Neisseria meningitidis,12/14/14,CSD,3-SULFINOALANINE,C([C@@H](C(=O)O)N)[S@@](=O)O,Neisseria meningitidis,Escherichia coli,MQYAKISGTGSYLPANRVSNDDLAQKVDTSDEWITARTGIKFRHIAAENEKTSDLAAEAARRALDAAGLDSGEIDLIIVATATPDMQFPSTATIVQQKLGITNGCPAFDVQAVCAGFMYALTTANAYIKSGMAKNALVIGAETFSRIVDWNDRTTCVLFGDGAGAVVLSAADKPGIIHSKLKADGNYLKLLNVPGQIACGKVSGSPYISMDGPGVFKFAVKMLSKIADDVIEEAGYTAAQIDWIVPHQANRRIIESTAKHLGLSMDKVVLTVQDHGNTSAASIPLALDTGIRSGQIKRGQNLLLEGIGGGFAWGAVLLQY,"Nanson, J.D., Forwood, J.K.",to be published,Crystal structure of beta-ketoacyl-ACP synthase III (FabH) from Neisseria meningitidis,NA,4RY
4V2P,A,Ketosynthase MxnB,10/13/14,CL,CHLORIDE ION,[Cl-],Myxococcus fulvus,ESCHERICHIA COLI,MNHKVHHHHHHIEGRHMNNSGSFSLPFKLAGLGRYVPEDIVLSSELEKKYDLPQGWCLEKQGIRERRWVKGETAAFMGAEAAKEAVRDAGLQLSDIDLIISASGSPQQAVPDGGPLVQRELGLGRSGTPAITVNASCLSFFVALEVASNYLNMRRYRRILVVSADIASVSLDFRKPENFTLFGDAAAAAVVTLPEPGEKSCIHASHLRTYGFGAEFSEVRGGGSRKPPNSKDTRPEDNYLHMNGAELLKIGFEYLPKFTESLWKQCPDITVRDVKYIIPHQPSRVVLDYLSLSYPEEKLIRIIERFGNCIGASMPMALYEAVKLRGLQRGDKAVLTGTGSGVSFVGMVFTY,"Sucipto, H., Sahner, J.H., Prusov, E., Wenzel, S.C., Hartmann, R.W., Koehnke, J., Muller, R.",Chem Sci,In vitro reconstitution of alpha-pyrone ring formation in myxopyronin biosynthesis.,2015,4V2
4WZU,A,Crystal structure of beta-ketoacyl-(acyl carrier protein) synthase III-2 (FabH2) from Vibrio cholerae,11/20/14,NA,SODIUM ION,[Na+],Vibrio cholerae,Escherichia coli,MTQCYAEITGWGKCLPPATLSNHDLSTFLDTSDEWIQSRTGIEQRRISHVNTSDLATVAAQHAIACAGVSVEEIDLIIVATCSPDSLIPNIASRVQQNLGIPSAAAFDLNAACTGFLYGLETATRLMQASHYRHALVIGAERLSFYLDWTKRDTAVLFGDGAGAVVLSKTEQKVGLQDAQIGCDAQGRDILAVPKFGTAMDRFDADNGYWAFDFVGKEIFKRAVRGMGAAAQQVLARSGLSTEEIDVVIPHQANIRIIQTLCDLAGIAQDKAFVNIHRYGNTSAATVPIALCEALEQGKIKPHDDLLVAAFGAGLTWGAGHIRWGERITPLGKSDAQLPSCDHTALDLLSKAIEHCKRHQSE,"Hou, J., Chruszcz, M., Zheng, H., Grabowski, M., Chordia, M.D., Anderson, W.F., Minor, W.",To Be Published,Structural and enzymatic studies of beta-ketoacyl-(acyl carrier protein) synthase III (FabH) from Vibrio cholerae,NA,4WZ
4X9K,A,Beta-ketoacyl-acyl carrier protein synthase III-2 (FabH2)(C113A) from Vibrio cholerae,12/11/14,GOL,GLYCEROL,C(C(CO)O)O,Vibrio cholerae,Escherichia coli,MTQCYAEITGWGKCLPPATLSNHDLSTFLDTSDEWIQSRTGIEQRRISHVNTSDLATVAAQHAIACAGVSVEEIDLIIVATCSPDSLIPNIASRVQQNLGIPSAAAFDLNAAATGFLYGLETATRLMQASHYRHALVIGAERLSFYLDWTKRDTAVLFGDGAGAVVLSKTEQKVGLQDAQIGCDAQGRDILAVPKFGTAMDRFDADNGYWAFDFVGKEIFKRAVRGMGAAAQQVLARSGLSTEEIDVVIPHQANIRIIQTLCDLAGIAQDKAFVNIHRYGNTSAATVPIALCEALEQGKIKPHDDLLVAAFGAGLTWGAGHIRWGERITPLGKSDAQLPSCDHTALDLLSKAIEHCKRHQSE,"Hou, J., Chruszcz, M., Zheng, H., Grabowski, M., Chordia, M.D., Anderson, W.F., Minor, W.",to be published,Structural and enzymatic studies of beta-ketoacyl-(acyl carrier protein) synthase III (FabH) from Vibrio cholerae,NA,4X9
4YLT,A,Crystal structure of beta-ketoacyl-ACP synthase III (FabH) from Yersinia pestis,3/5/15,NA,NA,NA,Yersinia pestis,Escherichia coli,MYTKILGTGSYLPVQVRSNADLEKMVDTSDEWIVTRTGIRERRIAGLDETVATMGFQAAEKALEMAGIDKDDIGLIIVATTSSSHAFPSSACQVQRMLGIKDAASFDLAAACAGFTYALSVADQYVKSGAVKHAIVIGSDVLSRALDPEDRGTIILFGDGAGAVVLGASEQPGIMSTHLHADGRYGELLALPYPDRQQDQPAYVTMAGNEVFKVAVTELAHIVDETLQVNNLDRTALDWLVPHQANLRIISATAKKLGMGMDKVVITLDRHGNTSAASVPSAFDEAVRDGRIQRGQLVLLEAFGGGFTWGSALVRF,"Nanson, J.D., Himiari, Z., Swarbrick, C.M., Forwood, J.K.",Sci Rep,"Structural Characterisation of the Beta-Ketoacyl-Acyl Carrier Protein Synthases, FabF and FabH, of Yersinia pestis.",2015,4YL
4YUC,A,Crystal Structure of CorB derivatized with S-(2-acetamidoethyl) 4-methyl-3-oxohexanethioate,3/18/15,MPD,"(4S)-2-METHYL-2,4-PENTANEDIOL",C[C@@H](CC(C)(C)O)O,Corallococcus coralloides,Escherichia coli,MNQGGVFPLPFKIAGLGRYVPADVVLSSDLEKKYDLPPGWCVEKQGIRERRWVKDETASFMGAEAAKEAVRDAGLKLEDIDLIINASGSPEQAVPDGGPLVQRELGLGRSGVPSITVNASCLSFFVALDVAANYLNMRRYKRILIVSSDISSVALDFRKPENFTLFGDAAAAAVVTLPEPGEKSCIHASQVRTYGYGAEFSMVPGGGSRRHPNGKNTTPEDNYLHMNGAELLKIGFEYLPRFNEALWKQCPDITIKDCRYVIPHQPSRVVLDYLSLTYPDDKLVRIIDRFANCIGASMPMALYEAVKVGGLRRGERGVLTGTGSGVSFVGMVFTY,"Zocher, G., Vilstrup, J., Heine, D., Hallab, A., Goralski, E., Hertweck, C., Stahl, M., Schaberle, T.F., Stehle, T.",Chem Sci,Structural basis of head to head polyketide fusion by CorB.,2015,4YU
5BQS,A,S. Pneumoniae Fabh with small molecule inhibitor 4,5/29/15,4VN,1-{5-[2-chloro-5-(hydroxymethyl)phenyl]pyridin-2-yl}piperidine-4-carboxylic acid,c1cc(c(cc1CO)c2ccc(nc2)N3CCC(CC3)C(=O)O)Cl,Streptococcus pneumoniae,Escherichia coli,AFAKISQVAHYVPEQVVTNHDLAQIMDTNDEWISSRTGIRQRHISRTESTSDLATEVAKKLMAKAGITGKELDFIILATITPDSMMPSTAARVQANIGANKAFAFDLTAACSGFVFALSTAEKFIASGRFQKGLVIGSETLSKAVDWSDRSTAVLFGDGAGGVLLEASEQEHFLAESLNSDGSRSECLTYGHSGLHSPFSDQESADSFLKMDGRTVFDFAIRDVAKSIKQTIDESPIEVTDLDYLLLHQANDRILDKMARKIGVDRAKLPANMMEYGNTSAASIPILLSECVEQGLIPLDGSQTVLLSGFGGGLTWGTLILTI,"McKinney, D.C., Eyermann, C.J., Gu, R.F., Hu, J., Kazmirski, S.L., Lahiri, S.D., McKenzie, A.R., Shapiro, A.B., Breault, G.",Acs Infect Dis.,Antibacterial FabH Inhibitors with Mode of Action Validated in Haemophilus influenzae by in Vitro Resistance Mutation Mapping.,2016,5BQ
5BY7,A,AbyA1 - tetronic acid condensing enzyme,6/10/15,NA,NA,NA,Verrucosispora maris,Escherichia coli BL21,MAHHHHHHSSGLEVLFQGPMTRTVSVLSAASALPGPTVDNATLGRRLGMDRLWEQWVDAFIGTRTRHLAVDLDSGEIRHTLADLAHQAGSRALDAAGVTPEEVDLVVLGTATPDRLMPTTATVVADRLGIDGVPAYQLQSGCSGAVQALAVTRSLLLGGTARTALVLGGDVVARFYDLTADLRKLPPAEFVNYVLFGDGVGAAVLRVGEVAGAAALRSVFTRLVGLGREPGATLEWFGPTEDRNRPAATEDYKAIERHVPDLAAEVVEELLGELGWARDDLDYVLPPQLSGRMTALIVERLKLPQATEVSCVAETGNNGNGIVFLQLERALARLAGGQRALGVSIESSKWIKSGFALEGL,"Byrne, M.J., Race, P.R.",To Be Published,"The structure of AbyA1, a tetronic acid condensing enzyme from the Abyssomicin polyketide synthase.",NA,5BY
5DWZ,A,"Structural and functional characterization of PqsBC, a condensing enzyme in the biosynthesis of the Pseudomonas aeruginosa quinolone signal",9/23/15,PO4,PHOSPHATE ION,[O-]P(=O)([O-])[O-],Pseudomonas aeruginosa,Escherichia coli BL21(DE3),MLIQAVGVNLPPSYVCLEGPLGGERPRAQGDEMLMQRLLPAVREALDEAAVKPEEIDLIVGLALSPDHLIENRDIMAPKIGHPLQKVLGANRAHVFDLTDSSLARALYVVDTLASDQGYRNVLVVRGESSQGLEVDSESGFALADGALALLCRPTGKAAFRRGALGGDPAQEWLPLSIPLNTDIRQVGDVKGHLNLPAQPGLPEAVRAGFTRLAGDFPQLNWVREEWFGQGRPDGRCLGPFELASQLRAAQRDRLDELLLISFDPFGMVVEGVTLELAGEAHA,"Drees, S.L., Li, C., Prasetya, F., Saleem, M., Dreveny, I., Williams, P., Hennecke, U., Emsley, J., Fetzner, S.",J.Biol.Chem.,"PqsBC, a Condensing Enzyme in the Biosynthesis of the Pseudomonas aeruginosa Quinolone Signal: CRYSTAL STRUCTURE, INHIBITION, AND REACTION MECHANISM.",2016,5DW